{
  "persons": [
    {
      "personId": 1,
      "name": "A",
      "embeddings": [
        -0.002989683, 0.003516593, -0.009210409, -0.0068001556, 0.0019300241, 0.030035846, -0.13458443, 0.014507093, 0.058570772, 0.022774078, 0.017195487, -0.0027936883, -0.0051788283, -0.006453311, -0.0028164673, -0.10469165, -0.005304218, 0.007185889, 0.0035348022, -0.009880175, -0.0177668, 0.013988819, 0.02941869, -1.9991165E-4, 0.0499786, 0.0052143685, 0.004356598, -0.13124087, -0.038739316, -0.03150008, 0.014230833, 0.10500277, 0.14927103, -0.007332165, -0.17992586, 0.09007729, 0.10549416, -0.0066694045, -9.688883E-4, 0.08530503, -0.010939801, 9.880785E-4, -0.012955473, 0.013456014, 0.0050513223, 0.049740665, -0.14598435, 0.18334176, -0.0034783527, -0.0070890267, -0.050667685, -3.314649E-4, -0.005514081, 3.105047E-4, 0.14830963, 0.0020711692, -0.119173214, 0.0028908995, 0.018880984, -0.00784788, -0.019769404, 0.11775992, 0.07531973, -0.0350975, 0.007506686, -0.040105887, -0.0031532445, -0.013427189, 0.007959395, -3.7808612E-4, 0.006277572, -0.20833126, 0.16306347, -0.003164155, -0.067607634, 0.014184947, -0.01109279, -0.0011574423, -0.023206959, -0.18606935, 0.0105483625, 0.02742884, -0.012133548, 0.060628437, -0.045521528, 0.005549304, 9.0159324E-4, 0.18925624, -0.03637624, 0.16939305, -0.042027667, 0.0022499787, -0.0033145421, 0.023024095, -0.06299499, 0.043173615, -0.037505683, 0.20125157, 0.0067715542, -0.0018443826, 8.6765984E-5, 0.007769635, 0.0070308014, 0.0016909587, 0.0014886026, 0.0027027687, 0.08531793, 0.0046159443, 0.028584145, -0.012026122, 0.10778298, -9.0916175E-4, 0.010682604, 0.07091649, 0.010917395, -0.11189384, 0.0027484891, -0.008784655, 0.34281856, -0.015157794, 0.03179791, -0.033434715, -0.08231369, -0.0013733503, 0.0023080923, 0.0074245664, 0.0012824304, 0.0023131843, 0.013606909, -0.106342874, 0.0013688416, -0.005130996, -0.0040246495, -0.07936822, 0.07848687, -0.009415829, -0.03231583, 0.014433092, -0.015165446, 0.0025230085, 0.007859393, -0.0049297195, 0.005025891, -0.0606012, 0.025929263, 0.08597673, -0.03247789, 0.0022813263, -0.003819268, 0.001222232, -0.0032804464, -0.12306872, 0.22290264, 0.003067682, 0.007070481, 0.0012443712, -0.0035101923, 0.006303746, 0.094919905, -0.0022320065, 0.005772371, 0.00923497, 0.0042404747, -0.004868038, 0.0020824827, 0.0074573094, 5.155737E-4, 0.19327804, 1.671507E-4, 0.0074518924, -0.09543716, 0.082936354, 0.00402058, 0.0020640674, 0.034042038, -0.0033632119, 0.047052775, 0.02222893, -0.0021107388, -0.005846101, -0.1323945, 0.01095716, 0.012630108, 0.0075684832, -0.17016965, -0.27034122, 0.04604935, 0.0068970635, 0.10558945, -0.1671864, -0.009152969, 0.004806413
      ]
    },
    {
      "personId": 2,
      "name": "B",
      "embeddings": [
        -0.002989683, 0.003516593, -0.009210409, -0.0068001556, 0.0019300241, 0.030035846, -0.13458443, 0.014507093, 0.058570772, 0.022774078, 0.017195487, -0.0027936883, -0.0051788283, -0.006453311, -0.0028164673, -0.10469165, -0.005304218, 0.007185889, 0.0035348022, -0.009880175, -0.0177668, 0.013988819, 0.02941869, -1.9991165E-4, 0.0499786, 0.0052143685, 0.004356598, -0.13124087, -0.038739316, -0.03150008, 0.014230833, 0.10500277, 0.14927103, -0.007332165, -0.17992586, 0.09007729, 0.10549416, -0.0066694045, -9.688883E-4, 0.08530503, -0.010939801, 9.880785E-4, -0.012955473, 0.013456014, 0.0050513223, 0.049740665, -0.14598435, 0.18334176, -0.0034783527, -0.0070890267, -0.050667685, -3.314649E-4, -0.005514081, 3.105047E-4, 0.14830963, 0.0020711692, -0.119173214, 0.0028908995, 0.018880984, -0.00784788, -0.019769404, 0.11775992, 0.07531973, -0.0350975, 0.007506686, -0.040105887, -0.0031532445, -0.013427189, 0.007959395, -3.7808612E-4, 0.006277572, -0.20833126, 0.16306347, -0.003164155, -0.067607634, 0.014184947, -0.01109279, -0.0011574423, -0.023206959, -0.18606935, 0.0105483625, 0.02742884, -0.012133548, 0.060628437, -0.045521528, 0.005549304, 9.0159324E-4, 0.18925624, -0.03637624, 0.16939305, -0.042027667, 0.0022499787, -0.0033145421, 0.023024095, -0.06299499, 0.043173615, -0.037505683, 0.20125157, 0.0067715542, -0.0018443826, 8.6765984E-5, 0.007769635, 0.0070308014, 0.0016909587, 0.0014886026, 0.0027027687, 0.08531793, 0.0046159443, 0.028584145, -0.012026122, 0.10778298, -9.0916175E-4, 0.010682604, 0.07091649, 0.010917395, -0.11189384, 0.0027484891, -0.008784655, 0.34281856, -0.015157794, 0.03179791, -0.033434715, -0.08231369, -0.0013733503, 0.0023080923, 0.0074245664, 0.0012824304, 0.0023131843, 0.013606909, -0.106342874, 0.0013688416, -0.005130996, -0.0040246495, -0.07936822, 0.07848687, -0.009415829, -0.03231583, 0.014433092, -0.015165446, 0.0025230085, 0.007859393, -0.0049297195, 0.005025891, -0.0606012, 0.025929263, 0.08597673, -0.03247789, 0.0022813263, -0.003819268, 0.001222232, -0.0032804464, -0.12306872, 0.22290264, 0.003067682, 0.007070481, 0.0012443712, -0.0035101923, 0.006303746, 0.094919905, -0.0022320065, 0.005772371, 0.00923497, 0.0042404747, -0.004868038, 0.0020824827, 0.0074573094, 5.155737E-4, 0.19327804, 1.671507E-4, 0.0074518924, -0.09543716, 0.082936354, 0.00402058, 0.0020640674, 0.034042038, -0.0033632119, 0.047052775, 0.02222893, -0.0021107388, -0.005846101, -0.1323945, 0.01095716, 0.012630108, 0.0075684832, -0.17016965, -0.27034122, 0.04604935, 0.0068970635, 0.10558945, -0.1671864, -0.009152969, 0.004806413
      ]
    },
    {
      "personId": 3,
      "name": "C",