{
  "persons": [
    {
      "personId": 1,
      "name": "A",
      "embeddings": [
        -0.002989683, 0.003516593, -0.009210409, -0.0068001556, 0.0019300241, 0.030035846, -0.13458443, 0.014507093, 0.058570772, 0.022774078, 0.017195487, -0.0027936883, -0.0051788283, -0.006453311, -0.0028164673, -0.10469165, -0.005304218, 0.007185889, 0.0035348022, -0.009880175, -0.0177668, 0.013988819, 0.02941869, -1.9991165E-4, 0.0499786, 0.0052143685, 0.004356598, -0.13124087, -0.038739316, -0.03150008, 0.014230833, 0.10500277, 0.14927103, -0.007332165, -0.17992586, 0.09007729, 0.10549416, -0.0066694045, -9.688883E-4, 0.08530503, -0.010939801, 9.880785E-4, -0.012955473, 0.013456014, 0.0050513223, 0.049740665, -0.14598435, 0.18334176, -0.0034783527, -0.0070890267, -0.050667685, -3.314649E-4, -0.005514081, 3.105047E-4, 0.14830963, 0.0020711692, -0.119173214, 0.0028908995, 0.018880984, -0.00784788, -0.019769404, 0.11775992, 0.07531973, -0.0350975, 0.007506686, -0.040105887, -0.0031532445, -0.013427189, 0.007959395, -3.7808612E-4, 0.006277572, -0.20833126, 0.16306347, -0.003164155, -0.067607634, 0.014184947, -0.01109279, -0.0011574423, -0.023206959, -0.18606935, 0.0105483625, 0.02742884, -0.012133548, 0.060628437, -0.045521528, 0.005549304, 9.0159324E-4, 0.18925624, -0.03637624, 0.16939305, -0.042027667, 0.0022499787, -0.0033145421, 0.023024095, -0.06299499, 0.043173615, -0.037505683, 0.20125157, 0.0067715542, -0.0018443826, 8.6765984E-5, 0.007769635, 0.0070308014, 0.0016909587, 0.0014886026, 0.0027027687, 0.08531793, 0.0046159443, 0.028584145, -0.012026122, 0.10778298, -9.0916175E-4, 0.010682604, 0.07091649, 0.010917395, -0.11189384, 0.0027484891, -0.008784655, 0.34281856, -0.015157794, 0.03179791, -0.033434715, -0.08231369, -0.0013733503, 0.0023080923, 0.0074245664, 0.0012824304, 0.0023131843, 0.013606909, -0.106342874, 0.0013688416, -0.005130996, -0.0040246495, -0.07936822, 0.07848687, -0.009415829, -0.03231583, 0.014433092, -0.015165446, 0.0025230085, 0.007859393, -0.0049297195, 0.005025891, -0.0606012, 0.025929263, 0.08597673, -0.03247789, 0.0022813263, -0.003819268, 0.001222232, -0.0032804464, -0.12306872, 0.22290264, 0.003067682, 0.007070481, 0.0012443712, -0.0035101923, 0.006303746, 0.094919905, -0.0022320065, 0.005772371, 0.00923497, 0.0042404747, -0.004868038, 0.0020824827, 0.0074573094, 5.155737E-4, 0.19327804, 1.671507E-4, 0.0074518924, -0.09543716, 0.082936354, 0.00402058, 0.0020640674, 0.034042038, -0.0033632119, 0.047052775, 0.02222893, -0.0021107388, -0.005846101, -0.1323945, 0.01095716, 0.012630108, 0.0075684832, -0.17016965, -0.27034122, 0.04604935, 0.0068970635, 0.10558945, -0.1671864, -0.009152969, 0.004806413
      ]
    },
    {
      "personId": 2,
      "name": "B",
      "embeddings": [
        -0.011273665 0.04053385 0.014069119 -0.0061852434 -0.066352785 0.08318714 -0.06258517 -0.04811492 -0.08622193 -0.06279762 -0.021146119 0.007927358 -0.010117068 0.03889424 -0.0032401322 -0.06568492 -0.026381532 -0.012697276 -1.7041655E-4 -4.6779233E-4 -0.16531305 0.09545614 -0.09047646 0.016446725 -0.03915748 0.01691383 -0.052688695 0.07724751 0.2053589 -0.0897206 -0.010100768 0.21483777 0.1204999 0.0018473584 -0.106715895 0.046836514 -0.024727624 -0.018886348 0.0010212739 0.038834292 0.010688398 0.0053266925 0.019373596 -0.0126488255 0.0122001665 -0.053264048 -0.10220193 0.007585922 -0.010050873 0.06764623 0.032321006 -0.007861184 -0.2770284 -0.0037891956 -0.0063345265 0.012260933 0.057225674 0.005051573 -0.11440329 0.035276 0.032507595 -0.12081404 -0.0047262274 0.09590044 -0.016905207 -0.025411187 -0.008612576 0.010247368 0.005875739 0.0029846567 -0.043499164 -0.024816789 -0.014434648 0.01527442 -0.062445667 0.013887374 2.676609E-4 -0.001490741 0.27614483 0.03120953 -0.007844608 -0.0112662725 -0.017054113 0.16406392 -0.083228596 -0.0017474673 -0.0016439449 0.011088397 0.005521801 -0.014112147 0.0482513 0.0025916228 0.012171093 -0.031693757 -0.10989846 -0.094967 -0.052277718 -0.023498107 -7.060076E-4 0.004803282 0.002851346 -0.013140697 -0.0074216425 -0.003365769 -0.0066973055 0.005493325 -0.19282936 -6.177149E-4 0.0036970524 0.02299993 -0.18743417 0.014297602 0.009415332 0.23385972 0.014569826 0.070691526 -0.0036094766 -0.043801993 0.10494024 0.15520088 0.167985 -0.019974755 -0.14324869 -0.0027735403 -9.950313E-4 -0.0047715777 0.0044781095 8.1890804E-4 0.007877406 -0.06976553 0.014582735 0.026158206 -0.0017886198 -0.0028172508 0.06713935 -0.015127994 -0.18481039 -0.051602945 8.624853E-4 0.009281526 -0.006475535 0.002809935 0.0018120735 -0.0678442 -0.18496509 0.09900224 -0.02162749 -0.0034422912 0.012931135 -0.013275161 -0.014100334 -0.030786192 -0.036225386 -0.036708448 -0.006351608 0.0010678938 0.005592076 0.01687506 -0.100828536 -0.0022821089 -0.07238919 -5.3009274E-4 -0.014805328 4.6189642E-4 0.0076755476 0.024001654 0.0226678 -0.11810727 -0.0043431395 0.0016207448 0.17607574 0.055139415 -0.003937324 -0.044786993 0.015239207 0.0057248594 -0.070651464 -0.103260785 -0.012078694 0.0077817803 -0.049607158 -0.001150467 0.0016475568 -0.0043195193 0.11951784 0.014598907 -0.08852597 0.09699675 0.1913133 -0.10316102 -0.080373846 -0.014983824 
      ]
    }
  ]
}
