{
  "persons": [
    {
      "personId": 1,
      "name": "A",
      "embeddings": [
        -0.002989683, 0.003516593, -0.009210409, -0.0068001556, 0.0019300241, 0.030035846, -0.13458443, 0.014507093, 0.058570772, 0.022774078, 0.017195487, -0.0027936883, -0.0051788283, -0.006453311, -0.0028164673, -0.10469165, -0.005304218, 0.007185889, 0.0035348022, -0.009880175, -0.0177668, 0.013988819, 0.02941869, -1.9991165E-4, 0.0499786, 0.0052143685, 0.004356598, -0.13124087, -0.038739316, -0.03150008, 0.014230833, 0.10500277, 0.14927103, -0.007332165, -0.17992586, 0.09007729, 0.10549416, -0.0066694045, -9.688883E-4, 0.08530503, -0.010939801, 9.880785E-4, -0.012955473, 0.013456014, 0.0050513223, 0.049740665, -0.14598435, 0.18334176, -0.0034783527, -0.0070890267, -0.050667685, -3.314649E-4, -0.005514081, 3.105047E-4, 0.14830963, 0.0020711692, -0.119173214, 0.0028908995, 0.018880984, -0.00784788, -0.019769404, 0.11775992, 0.07531973, -0.0350975, 0.007506686, -0.040105887, -0.0031532445, -0.013427189, 0.007959395, -3.7808612E-4, 0.006277572, -0.20833126, 0.16306347, -0.003164155, -0.067607634, 0.014184947, -0.01109279, -0.0011574423, -0.023206959, -0.18606935, 0.0105483625, 0.02742884, -0.012133548, 0.060628437, -0.045521528, 0.005549304, 9.0159324E-4, 0.18925624, -0.03637624, 0.16939305, -0.042027667, 0.0022499787, -0.0033145421, 0.023024095, -0.06299499, 0.043173615, -0.037505683, 0.20125157, 0.0067715542, -0.0018443826, 8.6765984E-5, 0.007769635, 0.0070308014, 0.0016909587, 0.0014886026, 0.0027027687, 0.08531793, 0.0046159443, 0.028584145, -0.012026122, 0.10778298, -9.0916175E-4, 0.010682604, 0.07091649, 0.010917395, -0.11189384, 0.0027484891, -0.008784655, 0.34281856, -0.015157794, 0.03179791, -0.033434715, -0.08231369, -0.0013733503, 0.0023080923, 0.0074245664, 0.0012824304, 0.0023131843, 0.013606909, -0.106342874, 0.0013688416, -0.005130996, -0.0040246495, -0.07936822, 0.07848687, -0.009415829, -0.03231583, 0.014433092, -0.015165446, 0.0025230085, 0.007859393, -0.0049297195, 0.005025891, -0.0606012, 0.025929263, 0.08597673, -0.03247789, 0.0022813263, -0.003819268, 0.001222232, -0.0032804464, -0.12306872, 0.22290264, 0.003067682, 0.007070481, 0.0012443712, -0.0035101923, 0.006303746, 0.094919905, -0.0022320065, 0.005772371, 0.00923497, 0.0042404747, -0.004868038, 0.0020824827, 0.0074573094, 5.155737E-4, 0.19327804, 1.671507E-4, 0.0074518924, -0.09543716, 0.082936354, 0.00402058, 0.0020640674, 0.034042038, -0.0033632119, 0.047052775, 0.02222893, -0.0021107388, -0.005846101, -0.1323945, 0.01095716, 0.012630108, 0.0075684832, -0.17016965, -0.27034122, 0.04604935, 0.0068970635, 0.10558945, -0.1671864, -0.009152969, 0.004806413
      ]
    },
    {
      "personId": 2,
      "name": "B",
      "embeddings": [
        -0.011273661, 0.040533856, 0.014069114, -0.006185247, -0.06635279, 0.08318712, -0.06258509, -0.048114754, -0.086222015, -0.062797464, -0.021146113, 0.007927352, -0.01011706, 0.03889423, -0.0032401322, -0.065684885, -0.02638153, -0.012697271, -1.7041164E-4, -4.6778892E-4, -0.16531312, 0.09545608, -0.09047648, 0.01644672, -0.039157555, 0.016913805, -0.052688684, 0.07724753, 0.20535894, -0.089720555, -0.010100776, 0.21483788, 0.12049985, 0.0018473588, -0.106715806, 0.046836473, -0.024727285, -0.018886337, 0.0010212818, 0.038834207, 0.010688398, 0.0053266925, 0.01937359, -0.012648817, 0.012200169, -0.053264007, -0.102201775, 0.0075861593, -0.0100508705, 0.06764618, 0.032320976, -0.007861185, -0.27702826, -0.0037891944, -0.0063344454, 0.012260937, 0.057225723, 0.005051571, -0.114403255, 0.035275992, 0.032507528, -0.120813936, -0.0047263387, 0.09590055, -0.016905209, -0.025411472, -0.008612572, 0.010247394, 0.0058757523, 0.0029846616, -0.04349917, -0.024816453, -0.014434898, 0.015274413, -0.062445436, 0.01388736, 2.6766383E-4, -0.001490743, 0.27614477, 0.03120939, -0.007844619, -0.011266278, -0.017054126, 0.16406392, -0.083228596, -0.0017474658, -0.0016439374, 0.011088346, 0.0055217925, -0.01411216, 0.04825127, 0.0025916086, 0.0121710915, -0.031693768, -0.1098985, -0.09496688, -0.05227768, -0.023497997, -7.060087E-4, 0.0048032664, 0.0028513444, -0.013140692, -0.0074216393, -0.0033657656, -0.006697297, 0.005493325, -0.1928293, -6.1772E-4, 0.0036970384, 0.02299992, -0.18743415, 0.014297606, 0.009415327, 0.23385976, 0.014569824, 0.070691526, -0.0036094766, -0.043801975, 0.10494032, 0.15520084, 0.16798548, -0.019974781, -0.14324883, -0.0027735361, -9.950378E-4, -0.004771579, 0.004478109, 8.189154E-4, 0.007877399, -0.06976551, 0.014582727, 0.02615819, -0.0017886304, -0.002817366, 0.06713933, -0.015127989, -0.18481028, -0.05160289, 8.6248707E-4, 0.009281526, -0.0064755226, 0.0028099287, 0.0018120613, -0.06784426, -0.18496501, 0.099002175, -0.021627503, -0.0034422935, 0.012931137, -0.013275156, -0.014100339, -0.03078613, -0.03622557, -0.03670844, -0.006351609, 0.001067884, 0.0055920724, 0.016875058, -0.10082857, -0.0022821059, -0.0723892, -5.3009E-4, -0.014805327, 4.618964E-4, 0.0076755467, 0.024001647, 0.022667784, -0.11810723, -0.0043431344, 0.001620746, 0.17607571, 0.05513937, -0.003937328, -0.04478689, 0.015239213, 0.0057248613, -0.07065144, -0.10326075, -0.012078694, 0.007781775, -0.04960716, -0.0011504781, 0.0016475506, -0.0043195114, 0.119517945, 0.014599184, -0.088526055, 0.09699669, 0.19131339, -0.103160925, -0.08037383, -0.014983817
      ]
    }
  ]
}
